<?xml version="1.0" encoding="UTF-8" ?>
<!DOCTYPE mapper
        PUBLIC "-//mybatis.org//DTD Config 3.0//EN"
        "http://mybatis.org/dtd/mybatis-3-mapper.dtd">
<mapper namespace="com.cshbxy.mapper.CustomerMapper">
    <!--分别完成CustomerMapper接口中定义的所有方法的SQL映射-->
    <!--完成if元素实验。实验要求：按姓名和职业查询，如果查询值为空或空串，则不纳入条件-->
    <select id="findCustomerByNameAndJobs" resultType="customer">
        select * from mybatis.t_customer
        <!--        <where>-->
        <!--            <if test="username!=null and username!=''">-->
        <!--                and username like concat('%',#{username},'%')-->
        <!--            </if>-->
        <!--            <if test="jobs!=null and jobs!=''">-->
        <!--                and jobs=#{jobs}-->
        <!--            </if>-->
        <!--        </where>-->
        <trim prefix="where" prefixOverrides="and">
            <if test="username!=null and username!=''">
                and username like concat('%',#{username},'%')
            </if>
            <if test="jobs!=null and jobs!=''">
                and jobs=#{jobs}
            </if>
        </trim>
    </select>
    <select id="findCustomerByNameOrJobs" resultType="customer">
        select * from mybatis.t_customer where 1=1
        <choose>
            <when test="username!=null and username!=''">
                and username like concat('%',#{username},'%')
            </when>
            <when test="jobs!=null and jobs!=''">
                and jobs=#{jobs}
            </when>
            <otherwise>
                and phone is not null
            </otherwise>
        </choose>
    </select>
    <update id="updateCustomerBySet">
        update mybatis.t_customer
        <set>
            <if test="username!=null and username!=''">
                username=#{username},
            </if>
            <if test="jobs!=null and jobs!=''">
                jobs=#{jobs},
            </if>
            <if test="phone!=null and phone !=''">
                phone=#{phone},
            </if>
        </set>
        where id=#{id}
    </update>
    <update id="updateCustomerByTrim">
        update mybatis.t_customer
        <trim prefix="set" suffixOverrides=",">
            <if test="username!=null and username!=''">
                username=#{username},
            </if>
            <if test="jobs!=null and jobs!=''">
                jobs=#{jobs},
            </if>
            <if test="phone!=null and phone !=''">
                phone=#{phone},
            </if>
        </trim>
        where id=#{id}
    </update>
    <select id="findByArray" resultType="customer">
        select * from mybatis.t_customer where id in
        <foreach item="id" index="index" collection="array" open="(" separator="," close=")">
            #{id}
        </foreach>
    </select>
    <select id="findByList" resultType="customer">
        select * from mybatis.t_customer where id in
        <foreach item="id" index="index" collection="list" open="(" separator="," close=")">
            #{id}
        </foreach>
    </select>
    <select id="findByMap" resultType="customer">
        select * from mybatis.t_customer where id in
        <foreach item="roleMap" index="index" collection="id" open="(" separator="," close=")">
            #{roleMap}
        </foreach>
    </select>
</mapper>