<?xml version="1.0" encoding="UTF-8" ?>
<!DOCTYPE configuration
        PUBLIC "-//mybatis.org//DTD Config 3.0//EN"
        "http://mybatis.org/dtd/mybatis-3-config.dtd">
<configuration>
    <!--引入属性文件。可以配置多个properties元素-->
    <properties resource="db.properties"/>
    <settings>
        <!--        打开延迟加载的开关-->
        <setting name="lazyLoadingEnabled" value="true"/>
        <!--        将积极加载改为消息加载，即按需加载-->
        <setting name="aggressiveLazyLoading" value="true"/>
        <!--        显示日志-->
<!--        <setting name="logImpl" value="STDOUT_LOGGING"/>-->
        <!--        关闭一级缓存-->
        <!--        <setting name="localCacheScope" value="STATEMENT"/>-->
    </settings>
    <!--采用包扫描方式定义别名。其内部可以配置多个package元素-->
    <typeAliases>
        <package name="com.cshbxy.pojo"/>
    </typeAliases>
    <!--配置数据源。可以多套environment，由default属性仁决定使用哪套！-->
    <environments default="development">
        <environment id="development">
            <transactionManager type="JDBC"/>
            <dataSource type="POOLED">
                <property name="driver" value="${mysql.driver}"/>
                <property name="url" value="${mysql.url}"/>
                <property name="username" value="${mysql.username}"/>
                <property name="password" value="${mysql.password}"/>
            </dataSource>
        </environment>
    </environments>
    <!--引入映射文件。其内部可以配置多个mapper元素-->
    <mappers>
        <mapper resource="com/cshbxy/mapper/IdCardMapper.xml"/>
        <mapper resource="com/cshbxy/mapper/PersonMapper.xml"/>
        <mapper resource="com/cshbxy/mapper/UsersMapper.xml"/>
        <mapper resource="com/cshbxy/mapper/OrdersMapper.xml"/>
        <mapper resource="com/cshbxy/mapper/ProductMapper.xml"/>
        <mapper resource="com/cshbxy/mapper/BookMapper.xml"/>
        <mapper resource="com/cshbxy/mapper/CategoryMapper.xml"/>
    </mappers>
</configuration>