<?xml version="1.0" encoding="UTF-8" ?>
<!DOCTYPE configuration
        PUBLIC "-//mybatis.org//DTD Config 3.0//EN"
        "http://mybatis.org/dtd/mybatis-3-config.dtd">
<configuration>
    <!--引入属性文件。可以配置多个properties元素-->
    <properties resource="db.properties"/>
    <!--采用包扫描方式定义别名。其内部可以配置多个package元素-->
    <typeAliases>
        <package name="com.cshbxy.pojo"/>
    </typeAliases>
    <!--配置数据源。可以多套environment，由default属性仁决定使用哪套！-->
    <environments default="development">
        <environment id="development">
            <transactionManager type="JDBC"/>
            <dataSource type="POOLED">
                <property name="driver" value="${mysql.driver}"/>
                <property name="url" value="${mysql.url}"/>
                <property name="username" value="${mysql.username}"/>
                <property name="password" value="${mysql.password}"/>
            </dataSource>
        </environment>
    </environments>
    <!--引入映射文件。其内部可以配置多个mapper元素-->
    <mappers>
        <mapper resource="com/cshbxy/mapper/CustomerMapper.xml"/>
        <mapper resource="com/cshbxy/mapper/StudentMapper.xml"/>
    </mappers>
</configuration>