<?xml version="1.0" encoding="UTF-8" ?>
<!DOCTYPE mapper
        PUBLIC "-//mybatis.org//DTD Config 3.0//EN"
        "http://mybatis.org/dtd/mybatis-3-mapper.dtd">
<mapper namespace="com.cshbxy.mapper.OrdersMapper">
    <!--    多对多嵌套查询：用过执行另外一条SQL映射语句来返回预期的特殊类型-->
    <select id="findOrdersWithProduct" resultMap="OrdersWithProductResult">
        select *
        from mybatis.tb_orders
        where id = #{id}
    </select>
    <resultMap id="OrdersWithProductResult" type="Orders">
        <id property="id" column="id"/>
        <result property="number" column="number"/>
        <collection property="productList" column="id" ofType="Product"
                    select="com.cshbxy.mapper.ProductMapper.findProductById">
        </collection>
    </resultMap>
    <!--    多对多嵌套结果查询：查询某订单及其关联商品详情-->
    <select id="findOrdersWithProduct2" resultMap="OrdersWithProductResult2">
        select o.*,
               p.id as pid,
               p.name,
               p.price
        from mybatis.tb_orders o,
             mybatis.tb_product p,
             mybatis.tb_ordersitem oi
        where oi.orders_id = o.id
          and oi.productb_id = p.id
          and o.id = #{id}
    </select>
    <resultMap id="OrdersWithProductResult2" type="Orders">
        <id property="id" column="id"/>
        <result property="number" column="number"/>
        <collection property="productList" ofType="Product">
            <id property="id" column="pid"/>
            <result property="name" column="name"/>
            <result property="price" column="price"/>
        </collection>
    </resultMap>
</mapper>