<?xml version="1.0" encoding="UTF-8" ?>
<!DOCTYPE mapper
        PUBLIC "-//mybatis.org//DTD Config 3.0//EN"
        "http://mybatis.org/dtd/mybatis-3-mapper.dtd">
<mapper namespace="com.cshbxy.mapper.PersonMapper">
    <!--    嵌套查询：通过执行另一条SQL映射语句来返回预期的特殊类型-->
    <select id="findPersonById" resultMap="IdCardWithPersonResult">
        select *
        from mybatis.tb_person
        where id = #{id}
    </select>
    <resultMap id="IdCardWithPersonResult" type="Person">
        <id property="id" column="id"/>
        <result property="name" column="name"/>
        <result property="age" column="age"/>
        <result property="sex" column="sex"/>
        <!--        一对一：association使用select属性引入另外一条SQL语句-->
        <association property="card" column="card_id" javaType="IdCard"
                     select="com.cshbxy.mapper.IdCardMapper.findCodeById"/>
    </resultMap>
    <select id="findPersonById2" resultMap="IdCardWithPersonResult2">
        select p.*,
               c.id cid,
               c.CODE
        from mybatis.tb_person p,
             mybatis.tb_idcard c
        where p.card_id = c.id
          and p.id = #{id}
    </select>
    <resultMap id="IdCardWithPersonResult2" type="Person">
        <id property="id" column="id"/>
        <result property="name" column="name"/>
        <result property="age" column="age"/>
        <result property="sex" column="sex"/>
        <!--        一对一：association使用select属性引入另外一条SQL语句-->
        <association property="card" javaType="IdCard">
            <id property="id" column="cid"/>
            <result property="code" column="code"/>
        </association>
    </resultMap>
</mapper>