<?xml version="1.0" encoding="UTF-8" ?>
<!DOCTYPE mapper
        PUBLIC "-//mybatis.org//DTD Config 3.0//EN"
        "http://mybatis.org/dtd/mybatis-3-mapper.dtd">
<mapper namespace="com.cshbxy.mapper.UsersMapper">
    <!--    一对多：查看某一用户及其关联的订单信息
    注意：当关联查询出的列名相同时，则需要使用别名区分-->
    <select id="findUserWithOrders" resultMap="UserWithOrdersResult">
        select u.*,
               o.id,
               o.number
        from mybatis.tb_user u,
             mybatis.tb_orders o
        where u.id = o.user_id
          and u.id = #{id}
    </select>
    <resultMap id="UserWithOrdersResult" type="Users">
        <id property="id" column="id"/>
        <result property="username" column="username"/>
        <result property="address" column="address"/>
        <!--        一对多关联映射：collection-->
        <!--        ofType表示属性集合中元素的类型，List<orders>属性即Orders类-->
        <collection property="ordersList" ofType="Orders">
            <id property="id" column="orders_id"/>
            <result property="number" column="number"/>
        </collection>
    </resultMap>
</mapper>